productName;Product_Category;Description;Marketing_Text;Typical_Use_Cases;Technical_Attributes
Laptop X1;Computers;laptop x1 powerful sleek device designed professional go feature highresolution display fast processor longlasting battery life;boost productivity laptop x1 lightweight design powerful performance make perfect business traveler remote worker;remote work business travel office use;processor intel core i7 ram 16gb storage 512gb ssd display 14 fhd
Desktop Pro;Computers;desktop pro reliable workstation demanding task customizable configuration option suitable variety professional application;experience unmatched performance desktop pro expandable design allows tailor specific need whether youre crunching number editing multimedia content;data analysis video editing software development;processor amd ryzen 9 ram 32gb storage 1tb hdd 512gb ssd graphic nvidia geforce rtx 3080
Tablet Max;Computers;tablet max combine portability tablet functionality laptop detachable keyboard touchscreen display offer versatility work entertainment;stay connected productive tablet max whether youre office go compact design powerful feature make reliable companion;presentation notetaking field work;processor qualcomm snapdragon 865 ram 8gb storage 256gb ssd display 124 amoled
Smartphone Elite;Mobile Devices;smartphone elite redefines mobile productivity advanced feature sleek design multitasking mobile gaming designed keep busy lifestyle;elevate mobile experience smartphone elite highperformance camera fast charging ai capability make perfect companion professional tech enthusiast alike;mobile productivity gaming photography;processor apple a15 bionic ram 6gb storage 128gb camera 12mp wide 12mp ultra wide
Smartwatch Pro;Wearables;smartwatch pro personal assistant wrist fitness tracking notification builtin gps keep connected informed throughout day;stay top health productivity goal smartwatch pro sleek design intuitive interface make musthave accessory busy professional fitness enthusiast alike;fitness tracking notification navigation;display 14 amoled battery life 7 day sensor heart rate gps accelerometer
Printer Plus;Office Equipment;printer plus versatile printer designed small business home office wireless connectivity highspeed printing perfect everyday document photo;print confidence using printer plus compact design userfriendly feature make reliable addition workspace whether youre printing invoice family photo;document printing photo printing wireless connectivity;printing technology inkjet printing speed 20 ppm black 10 ppm color connectivity wifi usb
Scanner Pro;Office Equipment;scanner pro simplifies document management fast scanning automatic document feeder receipt contract digitizes paperwork ease;digitize workflow scanner pro intuitive software highquality scanning capability streamline document management process saving time effort;document scanning receipt management digital archiving;scanning speed 30 ppm document feeder capacity 50 sheet resolution 600 dpi
Conference Speaker;Office Equipment;conference speaker enhances virtual meeting clear audio omnidirectional microphone noisecanceling technology ensures crystalclear communication every time;elevate online meeting conference speaker compact design plugandplay functionality make convenient solution conference call webinars;virtual meeting webinars remote collaboration;audio output 10w microphone omnidirectional connectivity usb bluetooth
Wireless Mouse;Computer Accessories;wireless mouse offer freedom convenience wireless design ergonomic shape precision tracking long battery life perfect everyday use;upgrade computing experience wireless mouse responsive performance comfortable grip make essential accessory work leisure;productivity gaming comfort;wireless connectivity 24ghz dpi adjustable 8002400 battery life 12 month
External SSD;Storage Devices;external ssd combine speed reliability data storage need compact size highcapacity storage ideal backup file transfer multimedia content;store transfer data confidence using external ssd durable construction fast transfer speed ensure file safe accessible whenever need;data backup file transfer multimedia storage;storage capacity 1tb interface usb 32 gen 2 read speed 1000 mb write speed 950 mb
Workstation Z3;Computers;workstation z3 powerhouse demanding computing task highperformance component expandable design tailored professional creative technical field;unleash creativity workstation z3 whether youre designing 3d model editing 8k video robust performance reliability ensure smooth workflow;graphic design video production cadcam;processor intel xeon w2295 ram 64gb storage 1tb ssd 2tb hdd graphic nvidia quadro rtx 6000
Tablet Lite;Computers;tablet lite offer versatility affordability everyday computing task compact size intuitive interface perfect student casual user alike;stay connected entertained tablet lite lightweight design long battery life make ideal browsing web watching movie staying productive go;web browsing entertainment light productivity;processor mediatek helio p22t ram 4gb storage 128gb emmc display 101 lcd
Mobile Workstation;Mobile Devices;mobile workstation productivity powerhouse palm hand large display powerful performance perfect professional need work go;get work done anywhere mobile workstation versatile design workstationgrade performance make reliable companion business traveler remote worker;mobile productivity content creation multitasking;processor qualcomm snapdragon 888 ram 12gb storage 512gb display 67 amoled
Smartphone Lite;Mobile Devices;smartphone lite offer essential feature affordable price compact design long battery life perfect user need reliable device everyday task;stay connected smartphone lite userfriendly interface durable construction make great choice budgetconscious consumer;communication social medium basic productivity;processor qualcomm snapdragon 480 ram 4gb storage 64gb camera 13mp wide 2mp depth
Smartwatch Lite;Wearables;smartwatch lite track activity keep connected throughout day lightweight design long battery life perfect companion active lifestyle;stay active connected smartwatch lite fitness tracking notification keep motivated informed whether youre working running errand;activity tracking notification health monitoring;display 13 lcd battery life 10 day sensor accelerometer heart rate
Compact Printer;Office Equipment;compact printer spacesaving solution home office small business quiet operation fast printing speed perfect everyday document photo;print ease using compact printer compact size userfriendly feature make convenient addition workspace;document printing photo printing spacesaving design;printing technology laser printing speed 30 ppm connectivity wifi usb
Portable Scanner;Office Equipment;portable scanner offer onthego document scanning compact design wireless connectivity whether youre office road convenient solution digitizing paperwork;scan anywhere portable scanner lightweight design batterypowered operation make ideal mobile professional business traveler;mobile scanning document management onthego productivity;scanning speed 10 ppm resolution 600 dpi connectivity wifi usb
Wireless Headset;Computer Accessories;wireless headset delivers immersive audio clear communication work entertainment need comfortable design long battery life perfect allday use;experience wireless freedom wireless headset noisecanceling microphone adjustable headband ensure optimal comfort performance;audio playback voice call gaming;wireless connectivity bluetooth 50 battery life 20 hour microphone noisecanceling
USB Hub;Computer Accessories;usb hub expands connectivity option multiple usb port compact design whether need connect peripheral transfer file versatile solution workstation;stay connected usb hub plugandplay functionality lightweight design make convenient accessory laptop desktop;peripheral connectivity file transfer port expansion;port 4 x usb 30 1 x usbc transfer speed 5 gbps
External HDD;Storage Devices;external hdd provides reliable storage backup archive large capacity durable enclosure ideal safeguarding important file document;backup data external hdd rugged design usbpowered operation ensure file safe accessible whenever need;data backup archiving file storage;storage capacity 4tb interface usb 30 transfer speed 160 mb
Convertible Laptop;Computers;convertible laptop offer versatility portability 2in1 design touchscreen display whether need laptop tablet adapts need;work play way convertible laptop flexible design powerful performance make versatile companion professional student alike;productivity entertainment portability;processor intel core i5 ram 8gb storage 256gb ssd display 133 fhd touchscreen
All-in-One PC;Computers;allinone pc combine performance convenience integrated design large display whether youre working streaming offer seamless computing experience;simplify setup allinone pc spacesaving design plugandplay functionality make great choice home office family entertainment;home office entertainment multimedia;processor intel core i5 ram 12gb storage 512gb ssd display 27 qhd
Mobile Printer;Office Equipment;mobile printer offer onthego printing compact size batterypowered operation whether youre field client site convenient solution printing document receipt;print anywhere mobile printer lightweight design wireless connectivity make ideal mobile professional service technician;field service onthego printing receipt;printing technology thermal printing speed 20 ppm connectivity bluetooth usb
Document Scanner;Office Equipment;document scanner streamlines document management fast scanning automatic document feeder contract invoice digitizes paperwork ease;digitize workflow document scanner intuitive software duplex scanning capability save time effort whether youre office go;document scanning paperless office workflow automation;scanning speed 40 ppm document feeder capacity 50 sheet resolution 600 dpi
Compact Keyboard;Computer Accessories;compact keyboard offer comfort convenience slim design responsive key whether youre typing email gaming delivers satisfying typing experience;type style compact keyboard ergonomic layout quiet keystroke make great addition workstation gaming setup;typing gaming ergonomics;keyboard layout qwerty key switch membrane connectivity usb
Wireless Presenter;Computer Accessories;wireless presenter enhances presentation intuitive control longrange wireless connectivity compact design plugandplay functionality musthave accessory public speaker educator;capture audience wireless presenter ergonomic design laser pointer ensure smooth presentation every time whether youre boardroom classroom;presentation public speaking education;wireless range 50 foot battery life 6 month control laser pointer nextprevious slide
Portable Projector;Office Equipment;portable projector transforms space presentation venue compact size highresolution display whether youre office road delivers vibrant visuals presentation video;make big impression portable projector lightweight design builtin speaker make versatile solution business meeting movie night outdoor event;presentation home entertainment outdoor projection;projection technology dlp resolution 1080p brightness 2500 lumen connectivity hdmi usb
Wireless Keyboard and Mouse;Computer Accessories;wireless keyboard mouse offer freedom convenience computing need ergonomic design long battery life theyre perfect work leisure;upgrade workspace wireless keyboard mouse reliable performance plugandplay functionality ensure seamless computing experience;productivity comfort wireless connectivity;keyboard layout qwerty key switch membrane mouse dpi adjustable 8001600 connectivity 24ghz
Wireless Charger;Mobile Accessories;wireless charger provides fast convenient charging mobile device whether youre home office keep smartphone topped throughout day;stay powered wireless charger sleek design qi wireless charging technology make stylish efficient accessory desk nightstand;mobile charging convenience qi compatibility;charging speed 10w compatibility qienabled device input usbc
Bluetooth Earbuds;Mobile Accessories;bluetooth earbuds offer immersive audio handsfree convenience music call compact design long battery life theyre perfect onthego use;listen style bluetooth earbuds noisecanceling technology secure fit ensure clear audio stable connectivity wherever;music call portability;bluetooth version 52 battery life 8 hour single charge charging case 24 hour
Desktop Workstation;Computers;desktop workstation powerhouse intensive computing task highperformance component expandable design tailored professional engineering scientific field;unleash creativity desktop workstation whether youre simulating complex model analyzing large datasets scalable architecture ensures maximum productivity;engineering scientific research data analysis;processor amd ryzen threadripper 3990x ram 128gb storage 2tb ssd 4tb hdd graphic nvidia quadro rtx 8000
Ultrabook Plus;Computers;ultrabook plus combine performance portability thin lightweight design whether youre traveling working home offer power versatility need;get done ultrabook plus long battery life fast ssd storage ensure smooth multitasking quick access file wherever;travel remote work multimedia;processor intel core i7 ram 16gb storage 1tb ssd display 133 qhd
Mobile Scanner;Office Equipment;mobile scanner offer onthego document scanning compact size batterypowered operation whether youre field client site convenient solution digitizing paperwork;scan anywhere mobile scanner lightweight design wireless connectivity make ideal mobile professional business traveler;mobile scanning document management onthego productivity;scanning speed 8 ppm resolution 600 dpi connectivity wifi usb
Gaming Laptop;Computers;gaming laptop delivers immersive gaming experience highperformance graphic responsive display whether youre playing aaa title streaming favorite content offer power versatility need;dominate game gaming laptop overclockable cpu dedicated gpu ensure smooth gameplay stunning visuals whether youre home go;gaming entertainment performance;processor intel core i9 ram 32gb storage 1tb ssd graphic nvidia geforce rtx 3080
Convertible Tablet;Computers;convertible tablet offer versatility tablet productivity laptop one device detachable keyboard touchscreen display adapts workflow;work play way convertible tablet flexible design long battery life make perfect student professional creatives;productivity creativity portability;processor intel core i5 ram 8gb storage 256gb ssd display 123 touchscreen
Wireless Presenter Pro;Computer Accessories;wireless presenter pro versatile tool presentation lecture intuitive control longrange wireless connectivity ensures smooth engaging presentation every time;engage audience wireless presenter pro ergonomic design customizable button make powerful tool speaker educator;presentation lecture public speaking;wireless range 100 foot battery life 12 month control laser pointer nextprevious slide
Portable Monitor;Computer Accessories;portable monitor expands workspace lightweight design usbpowered operation whether youre working home go offer second screen wherever need;double productivity portable monitor plugandplay functionality full hd resolution make perfect multitasking presentation;productivity multitasking portability;screen size 156 resolution full hd 1920x1080 connectivity usbc hdmi
Wireless Touchpad;Computer Accessories;wireless touchpad offer intuitive navigation gesture control computing need responsive touch surface wireless connectivity perfect desktop home theater pc;navigate ease using wireless touchpad ergonomic design customizable gesture enhance productivity multimedia experience;navigation gesture multimedia;touch surface 55 x 4 connectivity bluetooth usb dongle battery life 6 month
External Blu-ray Drive;Computer Accessories;external bluray drive offer highdefinition playback fast data transfer optical medium whether youre watching movie backing file delivers reliable performance;enjoy bluray entertainment external bluray drive slim design usb connectivity make versatile accessory laptop desktop;medium playback data backup archiving;disc type bluray dvd cd interface usb 30 read speed 6x
Wireless Printer Pro;Office Equipment;wireless printer pro versatile solution printing need wireless connectivity highspeed printing perfect home office small business;print confidence using wireless printer pro compact design userfriendly feature make reliable addition workspace;document printing photo printing wireless connectivity;printing technology inkjet printing speed 25 ppm black 15 ppm color connectivity wifi usb
Compact Scanner;Office Equipment;compact scanner streamlines document management fast scanning automatic document feeder receipt contract digitizes paperwork ease;digitize workflow compact scanner compact design intuitive software make ideal home office small business;document scanning receipt management digital archiving;scanning speed 20 ppm document feeder capacity 30 sheet resolution 600 dpi
Office Speakerphone;Office Equipment;office speakerphone enhances conference call clear audio omnidirectional microphone noisecanceling technology ensures crystalclear communication participant;improve remote meeting office speakerphone compact design plugandplay functionality make convenient solution small conference room home office;conference call remote meeting collaboration;audio output 15w microphone omnidirectional connectivity usb bluetooth
Wireless Keyboard;Computer Accessories;wireless keyboard offer comfort convenience fullsized layout wireless connectivity whether youre typing email document delivers comfortable typing experience;type ease using wireless keyboard lowprofile key long battery life make great choice home office living room pc;typing comfort wireless connectivity;keyboard layout qwerty key switch membrane connectivity 24ghz battery life 12 month
External SSD Pro;Storage Devices;external ssd pro combine speed reliability data storage need rugged design highspeed transfer rate ideal professional need work go;work confidence using external ssd pro durable construction fast performance ensure file safe accessible whenever need;data backup file transfer mobile workstation;storage capacity 2tb interface usb 32 gen 2x2 read speed 2000 mb write speed 1900 mb
Cloud Storage Service;Storage Devices;cloud storage service offer secure scalable storage solution business size flexible pricing easytouse interface perfect storing sharing critical data;safeguard data cloud storage service reliable infrastructure advanced security feature ensure file protected accessible anywhere anytime;data backup collaboration remote access;storage capacity varies encryption aes256 access web mobile app
Mobile Power Bank;Mobile Accessories;mobile power bank keep device charged go highcapacity battery fast charging technology whether youre traveling camping reliable backup power source smartphones tablet;stay powered mobile power bank compact design multiple charging port make musthave accessory outdoor enthusiast frequent traveler;mobile charging travel emergency backup;capacity 20000mah output usba 5v24a usbc 5v3a
Wireless Charging Pad;Mobile Accessories;wireless charging pad offer convenient charging qienabled device sleek design fast charging technology stylish addition desk nightstand;charge style wireless charging pad nonslip surface led indicator make easy use whether youre home office;mobile charging convenience qi compatibility;charging speed 15w compatibility qienabled device input usbc
Bluetooth Speaker;Mobile Accessories;bluetooth speaker delivers powerful sound portable convenience music call rugged design long battery life perfect outdoor adventure poolside party;bring party bluetooth speaker waterproof construction builtin microphone make versatile companion music lover adventurer;music call portability;audio output 20w battery life 15 hour connectivity bluetooth 50 aux
Bluetooth Headphones;Mobile Accessories;bluetooth headphone offer immersive audio handsfree convenience music call lightweight design long battery life theyre perfect allday use;listen without limit bluetooth headphone adjustable headband cushioned ear cup ensure comfort extended listening session whether youre commuting working;music call comfort;bluetooth version 50 battery life 30 hour driver 40mm frequency response 20hz20khz
Wireless Earbuds Pro;Mobile Accessories;wireless earbuds pro deliver premium sound advanced feature music call customizable fit noisecanceling technology theyre perfect immersive listening experience;experience audio excellence wireless earbuds pro waterresistant design touch control make versatile companion workout commute;music call active lifestyle;bluetooth version 52 battery life 8 hour single charge charging case 32 hour
